,battery_name,house_name,SOC_min,SOC_max,i_max,u_max,efficiency,SOC_t,active_t1,active_t,threshold_sell,threshold_buy,p_sell,p_buy,residual_s,q_sell,residual_b,q_buy
0,Battery_1,GLD_1,0.0,50.0,15,3.9,0.95,14.59925,-1,0,25.0,27.13,25.0,26.7,179.5044,3.9,414.4956,3.9
1,Battery_2,GLD_2,0.0,50.0,15,3.9,0.95,14.59925,-1,0,25.0,27.13,25.0,26.7,179.5044,3.9,414.4956,3.9
2,Battery_3,GLD_3,0.0,50.0,15,3.9,0.95,14.59925,-1,0,25.0,27.13,25.0,26.7,179.5044,3.9,414.4956,3.9
3,Battery_4,GLD_4,0.0,50.0,15,3.9,0.95,14.59925,-1,0,25.0,27.13,25.0,26.7,179.5044,3.9,414.4956,3.9
4,Battery_5,GLD_5,0.0,50.0,15,3.9,0.95,14.59925,-1,0,25.0,27.13,25.0,26.7,179.5044,3.9,414.4956,3.9
5,Battery_6,GLD_6,0.0,50.0,15,3.9,0.95,14.59925,-1,0,25.0,27.13,25.0,26.7,179.5044,3.9,414.4956,3.9
