,house_name,heating_system,P_heat,gamma_heat,heating_setpoint,T_min,cooling_system,P_cool,gamma_cool,cooling_setpoint,T_max,alpha,comf_temperature,beta,air_temperature,system_mode,active,bid_p,bid_q
1,house_1,HEAT_PUMP,4.32391,6.3978,65.0,60.0,HEAT_PUMP,2.02559,8.02406,76.0,72.0,0.000196323,77.0891,0.904434,69.22326758671664,COOL,1,17.715172847633667,2.02559
2,house_2,HEAT_PUMP,4.32391,7.21315,65.0,60.0,HEAT_PUMP,2.02559,3.98533,76.0,72.0,0.000690845,66.6478,0.937027,69.61002065530833,COOL,1,17.71445395873271,2.02559
3,house_3,HEAT_PUMP,4.32391,5.14355,65.0,60.0,HEAT_PUMP,2.02559,5.02612,76.0,72.0,0.000381497,66.7557,0.93275,71.21155523243334,COOL,1,17.71505714947501,2.02559
4,house_4,HEAT_PUMP,4.32391,2.47257,65.0,60.0,HEAT_PUMP,2.02559,8.46049,76.0,72.0,0.00094559,63.8146,0.934161,68.9244675196,COOL,1,17.713923410908535,2.02559
5,house_5,HEAT_PUMP,4.32391,6.59412,65.0,60.0,HEAT_PUMP,2.02559,7.55326,76.0,72.0,0.000129883,70.7001,0.940603,67.68699579278334,COOL,1,17.715231287867976,2.02559
6,house_6,HEAT_PUMP,4.32391,2.59916,65.0,60.0,HEAT_PUMP,2.02559,5.40463,76.0,72.0,0.000768765,73.4171,0.896925,69.52672526985833,COOL,1,17.714322970972027,2.02559
