,house_name,heating_system,P_heat,gamma_heat,heating_setpoint,T_min,cooling_system,P_cool,gamma_cool,cooling_setpoint,T_max,alpha,comf_temperature,beta,air_temperature,system_mode,active,bid_p,bid_q
1,house_1,HEAT_PUMP,4.64439,7.90211,65.0,60.0,HEAT_PUMP,2.28075,5.04219,76.0,72.0,0.000504654,73.5945,0.896422,74.064979117325,COOL,0,-0.7165683423304722,2.28075
2,house_2,HEAT_PUMP,4.64688,1.85292,65.0,60.0,HEAT_PUMP,2.28075,7.50837,76.0,72.0,0.00044975,75.6329,0.92939,75.92003148687499,COOL,0,-47.433452512367175,2.28075
3,house_3,HEAT_PUMP,5.5325,3.4118,65.0,60.0,HEAT_PUMP,2.6962,7.18472,76.0,72.0,0.00085509,70.4589,0.908766,71.64206155433332,COOL,1,64.82693927199226,2.6962
4,house_4,HEAT_PUMP,4.70168,8.5558,65.0,60.0,HEAT_PUMP,2.28164,7.29154,76.0,72.0,0.000447415,63.7814,0.946373,66.914816745,COOL,1,319.85168248700717,2.28164
5,house_5,HEAT_PUMP,4.65281,7.19696,65.0,60.0,HEAT_PUMP,2.28075,7.77896,76.0,72.0,0.000498941,74.0853,0.891992,72.9639206086,HEAT,0,-21.755392239226403,4.65281
6,house_6,HEAT_PUMP,4.70168,3.97875,65.0,60.0,HEAT_PUMP,2.28075,4.474,76.0,72.0,0.000435193,64.0979,0.934584,63.9183791166,HEAT,0,-49.131480971584104,4.70168
