,house_name,heating_system,P_heat,gamma_heat,heating_setpoint,T_min,cooling_system,P_cool,gamma_cool,cooling_setpoint,T_max,alpha,comf_temperature,beta,air_temperature,system_mode,active,bid_p,bid_q
1,house_1,HEAT_PUMP,4.70168,7.90211,65.0,60.0,HEAT_PUMP,2.24267,5.04219,76.0,72.0,0.000504654,73.5945,0.896422,66.179528365925,COOL,0,29.90121220762865,2.24659
2,house_2,HEAT_PUMP,4.70168,1.85292,65.0,60.0,HEAT_PUMP,2.24267,7.50837,76.0,72.0,0.00044975,75.6329,0.92939,67.266124095675,COOL,0,29.901413781354687,2.2539
3,house_3,HEAT_PUMP,5.64202,3.4118,65.0,60.0,HEAT_PUMP,2.65044,7.18472,76.0,72.0,0.00085509,70.4589,0.908766,67.11127780460001,COOL,0,29.900179468915148,2.66398
4,house_4,HEAT_PUMP,4.70168,8.5558,65.0,60.0,HEAT_PUMP,2.24654,7.29154,76.0,72.0,0.000447415,63.7814,0.946373,66.2989986053,OFF,0,0.0,0.0
5,house_5,HEAT_PUMP,4.70168,7.19696,65.0,60.0,HEAT_PUMP,2.25029,7.77896,76.0,72.0,0.000498941,74.0853,0.891992,68.0159165912,OFF,0,0.0,0.0
6,house_6,HEAT_PUMP,4.70168,3.97875,65.0,60.0,HEAT_PUMP,2.24267,4.474,76.0,72.0,0.000435193,64.0979,0.934584,66.45415282753333,COOL,0,29.901496418521422,2.24654
