,PV_name,house_name,inverter_name,rated_power,P_Out,p_sell,q_sell
0,PV_1,GLD_1,PV_inverter_1,30.0,0.00405766,0.0,0.00405766
1,PV_2,GLD_2,PV_inverter_2,30.0,0.00474066,0.0,0.00474066
2,PV_3,GLD_3,PV_inverter_3,30.0,0.00502705,0.0,0.00502705
3,PV_4,GLD_4,PV_inverter_4,30.0,0.00540607,0.0,0.00540607
4,PV_5,GLD_5,PV_inverter_5,30.0,0.005104770000000001,0.0,0.005104770000000001
5,PV_6,GLD_6,PV_inverter_6,30.0,0.00499003,0.0,0.00499003
